{"cameraMode":{"drawMode":0,"name":"Shaded","section":"Shading Mode"},"sceneLighting":false,"audioPlay":false,"sceneViewState":{"m_AlwaysRefresh":false,"showFog":true,"showSkybox":false,"showFlares":true,"showImageEffects":true,"showParticleSystems":true,"showVisualEffectGraphs":true,"m_FxEnabled":false},"in2DMode":false,"pivot":{"x":18.51816177368164,"y":3.921276330947876,"z":-5.709584712982178},"rotation":{"x":0.007844598032534123,"y":0.9918568730354309,"z":-0.07662209868431092,"w":0.10153242200613022},"size":0.02679174765944481,"orthographic":false}