{"cameraMode":{"drawMode":0,"name":"Shaded","section":"Shading Mode"},"sceneLighting":false,"audioPlay":false,"sceneViewState":{"m_AlwaysRefresh":false,"showFog":true,"showSkybox":false,"showFlares":true,"showImageEffects":true,"showParticleSystems":true,"showVisualEffectGraphs":true,"m_FxEnabled":false},"in2DMode":false,"pivot":{"x":8.460000038146973,"y":1.2719999551773072,"z":-2.3499999046325685},"rotation":{"x":0.03279321640729904,"y":-0.9649004340171814,"z":0.2156815379858017,"w":0.14671015739440919},"size":0.8660253882408142,"orthographic":false}