{"cameraMode":{"drawMode":0,"name":"Shaded","section":"Shading Mode"},"sceneLighting":true,"audioPlay":false,"sceneViewState":{"m_AlwaysRefresh":false,"showFog":true,"showSkybox":true,"showFlares":true,"showImageEffects":true,"showParticleSystems":true,"showVisualEffectGraphs":true,"m_FxEnabled":false},"in2DMode":false,"pivot":{"x":21.311798095703126,"y":27.483726501464845,"z":39.012245178222659},"rotation":{"x":0.03279321640729904,"y":-0.9649004340171814,"z":0.2156815379858017,"w":0.14671015739440919},"size":1.3587110042572022,"orthographic":false}