{"cameraMode":{"drawMode":0,"name":"Shaded","section":"Shading Mode"},"sceneLighting":false,"audioPlay":false,"sceneViewState":{"m_AlwaysRefresh":false,"showFog":true,"showSkybox":false,"showFlares":true,"showImageEffects":true,"showParticleSystems":true,"showVisualEffectGraphs":true,"m_FxEnabled":false},"in2DMode":false,"pivot":{"x":8.718756675720215,"y":0.05747878551483154,"z":0.7322060465812683},"rotation":{"x":0.01054051797837019,"y":0.9891253709793091,"z":-0.1174582913517952,"w":0.08867504447698593},"size":0.14553670585155488,"orthographic":false}