{"cameraMode":{"drawMode":0,"name":"Shaded","section":"Shading Mode"},"sceneLighting":false,"audioPlay":false,"sceneViewState":{"m_AlwaysRefresh":false,"showFog":true,"showSkybox":false,"showFlares":true,"showImageEffects":true,"showParticleSystems":true,"showVisualEffectGraphs":true,"m_FxEnabled":false},"in2DMode":false,"pivot":{"x":-0.04999995231628418,"y":-0.10000002384185791,"z":0.15000000596046449},"rotation":{"x":0.014231689274311066,"y":-0.9819562435150147,"z":0.16962429881095887,"w":0.08595412224531174},"size":0.886002242565155,"orthographic":false}