{"cameraMode":{"drawMode":0,"name":"Shaded","section":"Shading Mode"},"sceneLighting":false,"audioPlay":false,"sceneViewState":{"m_AlwaysRefresh":false,"showFog":true,"showSkybox":false,"showFlares":true,"showImageEffects":true,"showParticleSystems":true,"showVisualEffectGraphs":true,"m_FxEnabled":true},"in2DMode":false,"pivot":{"x":2.9636261463165285,"y":2.2271382808685304,"z":-7.133778095245361},"rotation":{"x":-0.06818370521068573,"y":0.3442096412181854,"z":-0.026648560538887979,"w":-0.9361971020698547},"size":0.8660253882408142,"orthographic":false}