{"cameraMode":{"drawMode":0,"name":"Shaded","section":"Shading Mode"},"sceneLighting":false,"audioPlay":false,"sceneViewState":{"m_AlwaysRefresh":false,"showFog":true,"showSkybox":false,"showFlares":true,"showImageEffects":true,"showParticleSystems":true,"showVisualEffectGraphs":true,"m_FxEnabled":false},"in2DMode":false,"pivot":{"x":8.759881973266602,"y":2.2399325370788576,"z":2.38920259475708},"rotation":{"x":0.007844598032534123,"y":0.9918568730354309,"z":-0.07662209868431092,"w":0.10153242200613022},"size":3.0871965885162355,"orthographic":false}