{"cameraMode":{"drawMode":0,"name":"Shaded","section":"Shading Mode"},"sceneLighting":false,"audioPlay":false,"sceneViewState":{"m_AlwaysRefresh":false,"showFog":true,"showSkybox":false,"showFlares":true,"showImageEffects":true,"showParticleSystems":true,"showVisualEffectGraphs":true,"m_FxEnabled":false},"in2DMode":false,"pivot":{"x":41.29617691040039,"y":3.391310214996338,"z":-1.1896581649780274},"rotation":{"x":0.029862763360142709,"y":-0.9611911773681641,"z":0.2493298500776291,"w":0.11526884883642197},"size":1.7434759140014649,"orthographic":false}