{"cameraMode":{"drawMode":0,"name":"Shaded","section":"Shading Mode"},"sceneLighting":false,"audioPlay":false,"sceneViewState":{"m_AlwaysRefresh":false,"showFog":true,"showSkybox":false,"showFlares":true,"showImageEffects":true,"showParticleSystems":true,"showVisualEffectGraphs":true,"m_FxEnabled":false},"in2DMode":false,"pivot":{"x":8.127120018005371,"y":1.6489999294281006,"z":-1.9520000219345093},"rotation":{"x":0.03279321640729904,"y":-0.9649004340171814,"z":0.2156815379858017,"w":0.14671015739440919},"size":0.5388877987861633,"orthographic":false}