{"cameraMode":{"drawMode":0,"name":"Shaded","section":"Shading Mode"},"sceneLighting":false,"audioPlay":false,"sceneViewState":{"m_AlwaysRefresh":false,"showFog":true,"showSkybox":false,"showFlares":true,"showImageEffects":true,"showParticleSystems":true,"showVisualEffectGraphs":true,"m_FxEnabled":false},"in2DMode":false,"pivot":{"x":7.914795875549316,"y":1.4134184122085572,"z":0.2093186378479004},"rotation":{"x":0.029862763360142709,"y":-0.9611911773681641,"z":0.2493298500776291,"w":0.11526884883642197},"size":1.8834331035614014,"orthographic":false}