{"cameraMode":{"drawMode":0,"name":"Shaded","section":"Shading Mode"},"sceneLighting":false,"audioPlay":false,"sceneViewState":{"m_AlwaysRefresh":false,"showFog":true,"showSkybox":false,"showFlares":true,"showImageEffects":true,"showParticleSystems":true,"showVisualEffectGraphs":true,"m_FxEnabled":false},"in2DMode":false,"pivot":{"x":0.16138924658298493,"y":0.8977549076080322,"z":-0.1835428774356842},"rotation":{"x":-0.06988057494163513,"y":0.9149277210235596,"z":-0.181082084774971,"w":-0.35443148016929629},"size":0.3625534176826477,"orthographic":false}