{"cameraMode":{"drawMode":0,"name":"Shaded","section":"Shading Mode"},"sceneLighting":false,"audioPlay":false,"sceneViewState":{"m_AlwaysRefresh":false,"showFog":true,"showSkybox":false,"showFlares":true,"showImageEffects":true,"showParticleSystems":true,"showVisualEffectGraphs":true,"m_FxEnabled":false},"in2DMode":false,"pivot":{"x":18.487821578979493,"y":0.4181203842163086,"z":-12.448817253112793},"rotation":{"x":-0.026021620258688928,"y":-0.9736152291297913,"z":0.1723579317331314,"w":-0.14748890697956086},"size":4.682948112487793,"orthographic":false}