{"cameraMode":{"drawMode":0,"name":"Shaded","section":"Shading Mode"},"sceneLighting":false,"audioPlay":false,"sceneViewState":{"m_AlwaysRefresh":false,"showFog":true,"showSkybox":false,"showFlares":true,"showImageEffects":true,"showParticleSystems":true,"showVisualEffectGraphs":true,"m_FxEnabled":false},"in2DMode":false,"pivot":{"x":46.57115936279297,"y":2.8702001571655275,"z":-2.0854008197784426},"rotation":{"x":0.01815732754766941,"y":-0.9780614972114563,"z":0.18435236811637879,"w":0.09650315344333649},"size":1.3990541696548463,"orthographic":false}