{"cameraMode":{"drawMode":0,"name":"Shaded","section":"Shading Mode"},"sceneLighting":false,"audioPlay":false,"sceneViewState":{"m_AlwaysRefresh":false,"showFog":true,"showSkybox":false,"showFlares":true,"showImageEffects":true,"showParticleSystems":true,"showVisualEffectGraphs":true,"m_FxEnabled":false},"in2DMode":false,"pivot":{"x":9.189483642578125,"y":2.9413950443267824,"z":0.5463922023773193},"rotation":{"x":0.029862763360142709,"y":-0.9611911773681641,"z":0.2493298500776291,"w":0.11526884883642197},"size":4.441471099853516,"orthographic":false}