{"cameraMode":{"drawMode":0,"name":"Shaded","section":"Shading Mode"},"sceneLighting":false,"audioPlay":false,"sceneViewState":{"m_AlwaysRefresh":false,"showFog":true,"showSkybox":false,"showFlares":true,"showImageEffects":true,"showParticleSystems":true,"showVisualEffectGraphs":true,"m_FxEnabled":false},"in2DMode":false,"pivot":{"x":7.2801594734191898,"y":1.8353829383850098,"z":0.21695859730243684},"rotation":{"x":0.029862763360142709,"y":-0.9611911773681641,"z":0.2493298500776291,"w":0.11526884883642197},"size":2.242152214050293,"orthographic":false}