{"cameraMode":{"drawMode":0,"name":"Shaded","section":"Shading Mode"},"sceneLighting":false,"audioPlay":false,"sceneViewState":{"m_AlwaysRefresh":false,"showFog":false,"showSkybox":false,"showFlares":false,"showImageEffects":false,"showParticleSystems":false,"showVisualEffectGraphs":true,"m_FxEnabled":false},"in2DMode":false,"pivot":{"x":-0.010690518654882908,"y":0.010416513308882714,"z":0.02682383731007576},"rotation":{"x":-0.005302478559315205,"y":-0.9116652011871338,"z":0.410738468170166,"w":-0.01176781952381134},"size":0.07280569523572922,"orthographic":false}