{"cameraMode":{"drawMode":0,"name":"Shaded","section":"Shading Mode"},"sceneLighting":false,"audioPlay":false,"sceneViewState":{"m_AlwaysRefresh":false,"showFog":true,"showSkybox":false,"showFlares":true,"showImageEffects":true,"showParticleSystems":true,"showVisualEffectGraphs":true,"m_FxEnabled":false},"in2DMode":false,"pivot":{"x":12.161864280700684,"y":9.922869682312012,"z":-30.719512939453126},"rotation":{"x":-0.16956362128257752,"y":-0.059394001960754397,"z":0.01023615337908268,"w":-0.9836768507957459},"size":0.866025447845459,"orthographic":false}