{"cameraMode":{"drawMode":0,"name":"Shaded","section":"Shading Mode"},"sceneLighting":false,"audioPlay":false,"sceneViewState":{"m_AlwaysRefresh":false,"showFog":true,"showSkybox":false,"showFlares":true,"showImageEffects":true,"showParticleSystems":true,"showVisualEffectGraphs":true,"m_FxEnabled":false},"in2DMode":false,"pivot":{"x":0.1860000044107437,"y":1.2069998979568482,"z":0.08599996566772461},"rotation":{"x":0.11754519492387772,"y":-0.8697596788406372,"z":0.40893518924713137,"w":0.250000536441803},"size":0.6024947762489319,"orthographic":false}