{"cameraMode":{"drawMode":0,"name":"Shaded","section":"Shading Mode"},"sceneLighting":false,"audioPlay":false,"sceneViewState":{"m_AlwaysRefresh":false,"showFog":true,"showSkybox":false,"showFlares":true,"showImageEffects":true,"showParticleSystems":true,"showVisualEffectGraphs":true,"m_FxEnabled":false},"in2DMode":false,"pivot":{"x":17.26568031311035,"y":3.231339693069458,"z":-6.220000267028809},"rotation":{"x":-0.0019469386897981167,"y":-0.9937390089035034,"z":0.11377265304327011,"w":-0.011650105006992817},"size":0.2417018860578537,"orthographic":false}