{"cameraMode":{"drawMode":0,"name":"Shaded","section":"Shading Mode"},"sceneLighting":false,"audioPlay":false,"sceneViewState":{"m_AlwaysRefresh":false,"showFog":true,"showSkybox":false,"showFlares":true,"showImageEffects":true,"showParticleSystems":true,"showVisualEffectGraphs":true,"m_FxEnabled":true},"in2DMode":false,"pivot":{"x":1.7299546003341675,"y":4.787343978881836,"z":-13.490823745727539},"rotation":{"x":0.06643719226121903,"y":0.08841979503631592,"z":-0.004938193596899509,"w":0.9941447973251343},"size":2.598076105117798,"orthographic":false}